session_id,platform,username,line_display_name,question,answer,timestamp
line_Ub2eb02fea865d917854d6ecaace84c70,line,line_Ub2eb02fea865d917854d6ecaace84c70,KentChang-廠內維修中,"這個聊天要錢的ㄟ  唉
請問續約服務合約 要怎麼算?",续约服务合约，可以根据服务内容、时间长度、市场价格等因素计算。建议咨询专业人士或参考行业标准。,2025/5/23 12:53
line_Ub2eb02fea865d917854d6ecaace84c70,line,line_Ub2eb02fea865d917854d6ecaace84c70,KentChang-廠內維修中,請提供給我建議 我需要購買適合我們門市買賣業的軟體,建議您考慮您的業務需求、預算、市場價格等因素，並諮詢專業人士或參考行業標準。,2025/5/24 04:15
line_Ub2eb02fea865d917854d6ecaace84c70,line,line_Ub2eb02fea865d917854d6ecaace84c70,KentChang-廠內維修中,Ragic表單是否可匯出資料？,"Ragic表格可以匯出資料至Excel、CSV等格式。

如果您有其他問題，歡迎隨時提問。",2025/5/24 07:34
line_Ub2eb02fea865d917854d6ecaace84c70,line,line_Ub2eb02fea865d917854d6ecaace84c70,KentChang-廠內維修中,我要怎麼跟你們聯絡,您可透過電子郵件、網站聯繫表單或客服熱線與我們聯絡。,2025/5/24 07:34
line_Ub2eb02fea865d917854d6ecaace84c70,line,line_Ub2eb02fea865d917854d6ecaace84c70,KentChang-廠內維修中,你們的EMAIL是?,您可透過電子郵件或網站聯繫表單與我們聯絡。,2025/5/24 07:34
line_Ub2eb02fea865d917854d6ecaace84c70,line,line_Ub2eb02fea865d917854d6ecaace84c70,KentChang-廠內維修中,你們的電子郵件是?,"您可透過電子郵件或網站聯繫表單與我們聯絡。

如果您有其他問題，歡迎隨時提問。",2025/5/24 07:35
line_Ub2eb02fea865d917854d6ecaace84c70,line,line_Ub2eb02fea865d917854d6ecaace84c70,KentChang-廠內維修中,給我你們公司的基本資料,"我們是一家提供軟體解決方案的公司，專注於幫助企業提升效率和競爭力。

如果您有其他問題，歡迎隨時提問。",2025/5/24 11:00
line_Ub2eb02fea865d917854d6ecaace84c70,line,line_Ub2eb02fea865d917854d6ecaace84c70,KentChang-廠內維修中,太盛昌？,"太盛昌是一家提供軟體解決方案的公司，專注於幫助企業提升效率和競爭力。

如果您有其他問題，歡迎隨時提問。",2025/5/24 11:00
user,gradio,user,,"請問一下一個產品有很多序號,，在軟體內的採購、銷售、或產品組裝如何表達？",您可以設計一個數據表，記錄序號、採購、銷售、組裝等信息，並使用SQL等工具管理。,2025/5/24 11:30
